"","Var1","01apr2016","01aug2015","01dec2015","01feb2016","01jan2016","01mar2016","01nov2015","01oct2015","01sep2015","sum","Population","perc"
"1","RAHABAH",4,16,11,7,9,2,13,13,16,91,7441,0.0122295390404516
"2","AL GHAYDAH",37,12,31,30,30,40,31,31,30,272,27404,0.00992555831265509
"3","ATAQ",38,13,43,40,40,33,40,36,19,302,37315,0.00809326008307651
"4","SA'ADAH",55,12,54,59,51,68,59,53,27,438,58695,0.00746230513672374
"5","BART AL ANAN",73,4,58,62,48,63,56,45,31,440,59463,0.00739955938987269
"6","AL BAYDA CITY",19,9,28,11,33,18,32,33,34,217,29853,0.00726895119418484
"7","AL  HAWTAH",26,5,22,22,18,24,26,24,6,173,25881,0.00668444032301688
"8","AL MAHWAIT CITY",9,17,15,13,21,11,14,19,12,131,20134,0.00650640707261349
"9","MARIB CITY",26,5,27,28,38,24,26,20,10,204,32143,0.00634663845938462
"10","RADA'",47,10,35,43,37,44,42,44,37,339,56382,0.0060125571991061
"11","AL MUKALLA",20,5,7,23,8,16,8,5,5,97,16748,0.00579173632672558
"12","SHAHAN",1,1,4,3,3,1,2,1,1,17,3152,0.00539340101522843
"13","ASH SHAMAYATAYN",15,11,17,16,21,17,18,15,11,141,26790,0.00526315789473684
"14","AS SAID",20,5,24,16,24,16,25,20,13,163,35034,0.00465262316606725
"15","MUDIYAH",26,4,20,15,18,25,21,18,12,159,34879,0.00455861693282491
"16","ZINGIBAR",12,3,16,14,14,12,16,16,6,109,25524,0.00427049051872747
"17","AZ ZAHIR",6,8,12,8,20,12,16,10,10,102,24884.5,0.00409893708935281
"18","HARIB AL QARAMISH",3,4,7,1,9,0,1,4,5,34,8573,0.00396593957774408
"19","BIDBADAH",6,5,8,7,10,8,10,9,7,70,18214,0.00384319754035357
"20","AL JUBAH",13,5,7,9,7,13,9,7,4,74,21093,0.00350827288673968
"21","AD DHALE'E",35,9,34,41,38,37,31,31,24,280,80213,0.00349070599528755
"22","RADFAN",20,6,24,20,20,15,19,20,6,150,45570,0.0032916392363397
"23","HAJJAH CITY",13,15,28,13,34,14,17,22,15,171,53887,0.00317330710560989
"24","SIRWAH",8,9,7,5,7,6,7,7,7,63,19939,0.00315963689252219
"25","TUBAN",30,5,38,37,39,32,38,34,10,263,83444,0.00315181439048943
"26","AL GHAYL",3,2,3,4,5,4,5,3,3,32,10436,0.00306630893062476
"27","SAHAR",60,19,54,45,60,55,42,47,21,403,133060,0.00302870885314896
"28","HALIMAYN",17,3,7,16,10,18,7,6,0,84,27871,0.0030138854005956
"29","AMRAN",35,23,28,36,34,35,27,24,23,265,96375,0.0027496757457847
"30","SHIBAM KAWKABAN",15,8,14,12,14,11,14,12,7,107,39163,0.00273217067129689
"31","DAMT",21,17,15,14,13,22,22,21,21,166,60944,0.00272381202415332
"32","AS SALIF",2,2,2,1,2,4,2,1,1,17,6343,0.00268011981712124
"33","AL HUSSEIN",10,8,10,11,10,9,12,14,12,96,37118,0.00258634624710383
"34","AR RUJUM",23,17,24,25,26,25,20,21,13,194,75708,0.00256247688487346
"35","AL JABIN",19,8,20,23,23,24,24,22,16,179,71777,0.00249383507251627
"36","JAHAF",8,2,8,5,6,6,10,6,6,57,22897,0.00248940909289427
"37","AT TA'IZIYAH",30,17,27,38,35,32,32,35,26,272,109814,0.00247691551168339
"38","SANHAN",27,20,27,27,22,20,26,21,9,199,80399,0.00247515516362144
"39","DHAMAR CITY",53,31,46,55,56,51,53,43,42,430,175159,0.00245491239388213
"40","OLD CITY",9,14,12,7,15,19,29,19,30,154,63398,0.00242909870973848
"41","AL ABR",0,0,2,1,1,1,1,1,1,8,3348,0.002389486260454
"42","HARIB",13,1,6,16,5,15,9,7,8,80,33663,0.00237649645010843
"43","QISHN",2,1,4,4,4,2,3,4,2,26,11441,0.00227252862512018
"44","KHANFIR",29,3,32,39,34,30,33,34,13,247,109044,0.00226514067715784
"45","BAYHAN",17,8,9,11,12,13,13,14,10,107,48347,0.00221316731131197
"46","MARIB",17,3,4,18,5,26,1,4,6,84,39495,0.0021268515001899
"47","MAQBANAH",18,13,12,14,15,18,14,15,13,132,62471,0.00211298042291623
"48","AL HAJJAYLAH",2,2,1,1,1,5,4,2,2,20,9694,0.0020631318341242
"49","RAGHWAN",0,1,1,0,1,0,3,1,2,9,4391,0.00204964700523799
"50","JUBAN",5,3,12,9,9,7,13,13,15,86,42397,0.00202844540887327
"51","BILAD AT TA'AM",10,3,7,7,8,8,9,8,3,63,31143,0.00202292650033715
"52","HAJJAH",16,3,0,21,0,13,1,1,4,59,29533,0.00199776521179697
"53","AS SAFRA",17,3,12,17,12,12,10,9,9,101,50845,0.00198642934408496
"54","AL HAZM",3,1,13,8,5,4,9,12,6,61,30952,0.00197079348668907
"55","AL  MUKHA",5,6,1,3,4,5,2,2,7,35,18155,0.00192784356926467
"56","KHWLAN",2,4,8,10,8,5,11,4,2,54,28925,0.00186689714779602
"57","JARDAN",2,2,5,4,3,2,4,5,3,30,16270,0.00184388444990781
"58","BANI SURAIM",5,5,7,6,7,7,9,8,6,60,32698,0.00183497461618448
"59","HAMDAN",18,20,16,17,16,15,18,20,14,154,85370,0.00180391238139862
"60","AL KHABT",15,9,12,11,11,14,14,12,17,115,64033,0.00179594896381553
"61","AL MAQATIRAH",14,2,13,13,14,12,13,14,3,98,54613,0.00179444454617033
"62","SAYHUT",1,1,3,3,5,1,3,2,2,21,11746,0.00178784266984505
"63","NISAB",11,1,9,7,11,8,8,11,8,74,42050,0.00175980975029727
"64","AL WADE'A",1,4,0,0,0,0,12,14,10,41,23400,0.00175213675213675
"65","JABAL MURAD",3,3,1,1,1,1,3,3,2,18,10280,0.00175097276264591
"66","BANI AL HARITH",29,23,42,45,39,30,38,38,38,322,184509,0.00174517232221734
"67","SHADA'A",3,2,1,2,2,0,4,3,2,19,11202,0.00169612569184074
"68","USAYLAN",0,2,9,11,7,12,4,5,3,53,31518,0.00168157878037947
"69","KHUR MAKSAR",11,6,8,9,10,12,10,8,5,79,47044,0.00167927897287646
"70","HABBAN",8,2,4,6,4,6,7,7,6,50,29846,0.00167526636735241
"71","AS SALAFIYAH",18,8,17,20,20,16,15,11,13,138,82540,0.00167191664647444
"72","AL HUSHA",17,5,13,10,12,14,10,11,8,100,60178,0.00166173684735285
"73","AL MASILAH",1,1,2,2,2,1,2,3,3,17,10404,0.00163398692810458
"74","JABAL HABASHY",6,10,3,0,1,4,4,5,7,40,24544,0.00162972620599739
"75","AL QURAISHYAH",6,2,8,5,9,6,8,3,1,48,29525,0.00162574089754445
"76","DIMNAT KHADIR",8,9,12,11,10,6,8,8,9,81,49832,0.00162546155081072
"77","BANI MATAR",18,14,22,18,19,21,18,17,13,160,100012,0.00159980802303724
"78","KHAMIR",13,10,16,15,12,11,15,13,11,116,73225,0.00158415841584158
"79","AR RAWDAH",6,3,1,7,4,10,1,7,4,43,27371,0.00157100580906799
"80","KHARIF",6,5,6,8,10,7,10,10,6,68,45977,0.00147900036975009
"81","MERKHAH AS SUFLA",7,4,8,10,10,10,6,3,2,60,40635,0.0014765596160945
"82","AHWAR",4,2,4,5,5,2,4,5,6,37,25246,0.00146557870553751
"83","SABAH",6,0,4,4,5,5,5,5,5,39,27472,0.00141962725684333
"84","RAYDAH",10,4,7,8,6,7,8,8,8,66,46631,0.00141536745941541
"85","NA'MAN",1,0,1,3,2,1,1,1,3,13,9252,0.00140510159965413
"86","AL HASHWAH",0,3,2,3,0,1,3,4,4,20,14274,0.00140114894213255
"87","AL QAF",0,0,0,0,1,0,0,2,0,3,2145,0.0013986013986014
"88","AL HALI",24,18,33,31,26,24,29,25,21,231,168071,0.00137441914429021
"89","QA'ATABAH",16,8,15,17,18,16,13,12,10,125,91206,0.0013705238690437
"90","BANI HUSHAYSH",13,8,10,13,13,13,12,11,7,100,73957,0.00135213705261165
"91","MAJZAR",1,3,3,1,0,1,1,2,2,14,10477,0.00133626037987974
"92","YAFA'A",12,11,9,10,10,13,10,11,13,99,75014,0.00131975364598608
"93","AL BAYDA",12,1,9,18,0,10,1,2,0,53,40289,0.00131549554468962
"94","KUSMAH",12,7,13,11,10,12,10,13,7,95,74622,0.00127308300501193
"95","AL A'RSH",8,2,8,4,8,7,6,7,8,58,45773,0.00126712253948834
"96","AL JAFARIYAH",8,9,10,9,11,8,10,12,11,88,69705,0.00126246323793128
"97","MABYAN",5,5,9,6,7,6,7,11,8,64,50732,0.00126153118347394
"98","HUFASH",3,4,4,7,5,6,6,6,6,47,37884,0.00124062928940978
"99","JAHRAN",14,7,14,14,12,15,15,9,7,107,86590,0.00123570851137545
"100","AL MATON",2,2,6,4,4,3,5,6,3,35,28411,0.00123191721516314
"101","AL WAHDAH",13,10,13,13,9,15,16,18,16,123,99956,0.00123054143823282
"102","AT TAWILAH",9,7,7,8,5,8,10,8,10,72,58862,0.00122320002718222
"103","AL MANSURA",17,12,17,24,17,14,12,14,13,140,114931,0.00121812217765442
"104","RUDUM",6,2,3,3,3,3,3,2,3,28,23244,0.00120461194286698
"105","MAYFA'A",8,1,6,6,5,6,6,7,5,50,41597,0.00120200976031925
"106","AL MINA",18,9,9,9,9,19,13,14,10,110,91843,0.00119769606829045
"107","ASH SHAIKH OUTHMAN",16,16,9,14,9,17,14,16,14,125,105248,0.00118767102462755
"108","ANSS",11,21,15,16,17,11,14,21,15,141,119124,0.00118364057620631
"109","AL TALH",1,1,1,1,1,1,3,1,1,11,9404,0.00116971501488728
"110","IBB",18,21,22,16,21,14,18,19,18,167,143641,0.0011626207002179
"111","AL ABDIYAH",1,2,3,0,2,1,1,2,3,15,13000,0.00115384615384615
"112","TUR AL BAHAH",6,3,8,7,9,6,5,4,5,53,47426,0.00111753046851938
"113","AL MASHANNAH",15,18,12,11,12,10,12,12,11,113,101148,0.0011171748329181
"114","AL HAWAK",18,11,22,26,24,18,20,20,11,170,155369,0.00109416936454505
"115","QAFL SHAMER",9,5,6,4,6,8,3,8,6,55,50439,0.00109042605920022
"116","AL MAHWAIT",10,5,5,9,3,8,6,4,5,55,50526,0.0010885484700946
"117","AFLAH AL YAMAN",8,0,6,5,5,5,7,4,2,42,38874,0.00108041364408088
"118","BILAD AR RUS",6,4,4,4,4,3,6,1,0,32,31259,0.0010237051729102
"119","BANI AL AWAM",7,10,5,5,5,8,5,5,3,53,52222,0.0010148979357359
"120","AL HADA",15,14,17,16,18,16,14,18,17,145,143100,0.00101327742837177
"121","AR RYASHYYAH",4,1,3,3,3,5,0,2,2,23,22842,0.0010069170825672
"122","AL MASLUB",2,0,1,1,1,2,2,1,0,10,9938,0.00100623867981485
"123","AL KHALQ",1,0,2,1,2,1,3,3,1,14,14123,0.000991290802237485
"124","HUSWAIN",2,0,1,1,1,2,1,2,1,11,11130,0.000988319856244385
"125","AL DHIHAR",22,12,15,23,17,18,14,18,13,152,154399,0.000984462334600613
"126","AL MAHABISHAH",6,4,4,7,9,6,5,5,4,50,50865,0.000982994200334218
"127","MA'AIN",38,18,27,30,33,38,19,28,28,259,265469,0.000975631806350271
"128","AL HAYMAH AL KHARIJIYAH",9,4,8,5,8,9,7,4,3,57,58454,0.00097512573989804
"129","HAWF",0,0,2,1,1,0,0,1,0,5,5143,0.000972195216799533
"130","AL MAHFAD",3,0,5,3,4,5,3,3,0,26,26870,0.00096762188314105
"131","ASH SHAHIL",2,4,4,4,3,3,3,4,4,31,32548,0.00095243947400762
"132","AL AZARIQ",4,2,4,6,5,4,4,4,2,35,37295,0.000938463601018903
"133","ASH SHIHR",10,0,7,11,9,9,9,8,5,68,73482,0.000925396695789445
"134","RAKHYAH",1,0,1,1,1,1,2,0,1,8,8715,0.000917957544463569
"135","AD DAHI",4,5,6,6,7,5,5,6,6,50,54503,0.000917380694640662
"136","DHAR",1,1,1,1,1,1,1,1,1,9,9927,0.000906618313689937
"137","ASH SHAGHADIRAH",5,4,5,5,7,3,5,5,5,44,48746,0.000902638165182784
"138","ARHAB",8,9,9,11,11,11,9,8,5,81,90038,0.00089962016037673
"139","AT TAHRIR",9,4,6,5,8,2,5,9,11,59,66898,0.000881939669347365
"140","MAZHAR",8,6,5,5,4,8,7,7,7,57,64661,0.000881520545614822
"141","JIBLAH",10,13,11,11,9,12,10,12,10,98,112481,0.000871258256950063
"142","MAWIYAH",15,7,17,18,16,14,9,9,8,113,129765,0.000870804916579972
"143","AZ'ZAL",8,10,12,8,8,8,15,18,13,100,115054,0.000869157091452709
"144","NIHM",4,5,4,5,6,9,2,1,0,36,41502,0.000867428075755385
"145","AL MUSAYMIR",2,4,2,2,2,2,2,2,5,23,26558,0.00086602906845395
"146","AL BURAIQEH",8,5,7,4,6,7,4,6,7,54,62405,0.000865315279224421
"147","AS SADDAH",7,8,8,8,8,10,8,8,6,71,82502,0.000860585197934596
"148","CRAITER",6,8,8,6,10,4,9,8,7,66,76723,0.000860237477679444
"149","MASWARAH",0,1,0,0,0,1,0,2,2,6,7038,0.000852514919011083
"150","SAYUN",7,5,11,13,12,9,9,13,8,87,102409,0.000849534708863479
"151","SHU'AUB",27,12,19,20,19,27,15,15,25,179,213939,0.000836687093049888
"152","AS SABAIN",36,20,28,35,33,36,20,29,18,255,311203,0.00081940084125153
"153","KUHLAN AFFAR",3,3,3,4,3,3,4,5,5,33,40333,0.00081818858007091
"154","ASH SHA'IR",4,3,4,4,3,2,3,2,7,32,39805,0.000803919105639995
"155","AL QAHIRAH",14,13,17,19,9,17,13,10,8,120,149394,0.000803245110245391
"156","AL MUDHAFFAR",17,7,11,18,17,11,16,12,8,117,146259,0.000799950772260169
"157","DAR SAD",6,3,8,8,9,7,8,7,7,63,79712,0.000790345242874348
"158","MILHAN",7,6,9,9,8,7,7,8,9,70,89224,0.000784542275620909
"159","WUSAB AL ALI",16,7,17,16,14,13,17,16,11,127,164223,0.000773338691900647
"160","AS SAYYANI",11,14,13,8,9,5,8,11,6,85,110515,0.000769126362937158
"161","SHARAS",0,0,1,2,2,1,2,2,2,12,15707,0.000763990577449545
"162","MAGHIRIB ANS",6,3,4,4,5,5,2,6,5,40,53261,0.000751018568934117
"163","MANAKHAH",7,0,6,7,5,7,10,8,9,59,78932,0.000747478842548016
"164","AS SAWADIYAH",1,1,2,5,1,2,4,2,2,20,26763,0.000747300377386691
"165","YARIM",16,9,18,14,17,13,15,13,13,128,175014,0.000731370061823625
"166","AL QABBAYTAH",8,8,7,6,7,6,8,10,9,69,94516,0.000730035126327818
"167","AL MA'AFER",8,12,6,6,7,11,10,11,9,80,110924,0.000721214525260539
"168","HAT",1,0,0,1,0,0,0,0,0,2,2786,0.000717875089734386
"169","GHAYL BA WAZIR",1,1,5,4,6,4,4,5,5,35,48831,0.000716757797300895
"170","SAMA",5,5,3,3,2,2,3,3,3,29,41464,0.000699401890796836
"171","AL UDAYN",8,12,16,12,11,7,12,12,9,99,143578,0.000689520678655504
"172","AL HAYMAH AD DAKHILIYAH",5,7,8,7,5,6,7,6,6,57,83234,0.000684816301030829
"173","ASH SHARYAH",3,3,3,3,2,4,1,2,2,23,33873,0.000679006878634901
"174","BANI DHABYAN",1,2,1,0,1,2,1,2,1,11,16262,0.000676423564137253
"175","BAJIL",15,7,12,12,15,15,12,12,14,114,169884,0.00067104612559158
"176","LAWDAR",8,1,8,9,6,10,7,7,3,59,88155,0.000669275707560547
"177","ATTYAL",3,1,3,2,3,1,1,6,4,24,36253,0.000662014178136982
"178","AL MUKALLA CITY",11,9,17,1,18,12,18,20,16,122,184635,0.000660763127251063
"179","MEDGHAL",0,0,0,0,2,0,2,3,0,7,10654,0.000657030223390276
"180","AS SAWD",1,2,1,1,1,2,2,3,4,17,25892,0.00065657345898347
"181","DHI AS SUFAL",15,8,14,12,11,15,10,11,11,107,163019,0.000656365208963372
"182","HABIL JABR",1,1,4,4,4,4,4,4,1,27,41474,0.000651010271495395
"183","AN NADIRAH",4,7,2,7,5,5,6,6,5,47,73755,0.000637244932546946
"184","THULA",4,5,1,2,2,3,1,4,4,26,40971,0.000634595201483976
"185","HUTH",3,0,1,1,3,1,2,2,1,14,22267,0.000628733102797862
"186","ATH'THAORAH",10,11,13,13,16,13,9,8,12,105,170145,0.000617120691175174
"187","HARF SUFYAN",3,2,5,2,4,3,2,3,2,26,42480,0.000612052730696799
"188","AL QANAWIS",6,4,5,6,6,5,5,4,3,44,72336,0.000608272506082725
"189","JABAL IYAL YAZID",6,5,5,6,6,8,6,7,2,51,84393,0.000604315523799367
"190","BA'DAN",12,7,3,6,7,13,7,8,7,70,116045,0.000603214270326167
"191","SALH",15,5,14,12,17,15,16,11,14,119,198169,0.000600497555117097
"192","BANI SA'D",4,3,4,4,3,5,5,4,3,35,59015,0.0005930695585868
"193","AL MUALLA",0,2,6,3,4,5,5,3,1,29,49891,0.000581267162414063
"194","KITAF WA AL BOQE'E",0,1,5,3,3,0,6,5,2,25,43034,0.000580936004089789
"195","ZABID",10,5,8,11,11,12,10,12,11,90,155585,0.000578461933991066
"196","AL MAWASIT",6,11,6,3,5,6,9,9,11,66,115857,0.000569667780108237
"197","KHAYRAN AL MUHARRAQ",4,2,3,3,3,5,9,6,4,39,68707,0.000567627752630736
"198","UTMAH",10,8,12,8,8,12,8,10,6,82,145284,0.000564411772803612
"199","SHARA'B AS SALAM",7,11,9,5,9,7,11,11,11,81,146650,0.000552335492669622
"200","JIHANAH",4,1,3,3,3,3,4,3,4,28,50747,0.000551756754093838
"201","ASH SHU'AYB",0,1,4,2,3,1,3,3,4,21,38261,0.000548861765243982
"202","MASWAR",1,0,5,2,3,2,4,2,2,21,38432,0.000546419650291424
"203","KHARAB AL MARASHI",3,3,2,4,4,5,3,6,4,34,63532,0.000535163382232576
"204","ABS",8,15,8,6,5,4,8,8,8,70,133824,0.000523075083692013
"205","AL MADAN",0,2,2,1,1,1,1,3,3,14,26955,0.000519384158783157
"206","RAJUZAH",2,2,5,5,7,6,2,5,4,38,73723,0.000515442941822769
"207","SABIR AL MAWADIM",7,2,6,10,11,6,4,3,2,51,100254,0.000508707881979771
"208","AL MANAR",2,4,4,3,3,2,2,2,3,25,49390,0.000506175339137477
"209","DHI NA'IM",2,0,2,3,3,1,2,0,0,13,25759,0.000504677976629527
"210","SA'FAN",2,3,0,5,2,1,0,2,2,17,33722,0.000504121938200581
"211","HAYFAN",9,7,11,8,8,12,10,13,7,85,171315,0.000496162040685287
"212","ARMA",1,0,0,1,1,1,0,0,1,5,10188,0.000490773458971339
"213","KHABB WA ASH SHA'AF",4,0,3,4,6,4,3,8,7,39,80193,0.000486326736747596
"214","KUSHAR",0,4,7,2,3,2,6,7,5,36,74176,0.000485332182916307
"215","AZ ZAYDIYAH",3,1,7,6,6,4,8,6,5,46,95048,0.000483965996128272
"216","HUBAYSH",9,8,7,6,6,5,4,5,1,51,105998,0.000481141153606672
"217","AL MISRAKH",4,5,8,6,6,5,7,7,6,54,112653,0.000479348086602221
"218","ASSAFI'YAH",5,2,7,4,6,9,6,4,9,52,109109,0.000476587632550935
"219","AL MAKHADIR",7,6,4,6,5,9,6,6,5,54,113892,0.00047413338952692
"220","AL MIFTAH",2,0,2,2,2,2,3,1,1,15,31691,0.000473320501088637
"221","JABAL ASH SHARQ",3,4,3,1,3,3,5,3,4,29,62034,0.000467485572428023
"222","ASLEM",3,2,3,2,3,3,2,2,3,23,49227,0.000467223271781746
"223","SHAHARAH",2,2,5,2,3,2,1,1,2,20,43738,0.000457268279299465
"224","DAW'AN",2,1,3,2,2,3,1,4,2,20,43836,0.000456246007847431
"225","HAYRAN",3,1,1,0,0,2,0,0,0,7,15491,0.000451875282422052
"226","AL HAD",2,3,4,2,1,5,3,3,1,24,53159,0.00045147576139506
"227","AL QATN",4,2,3,4,4,3,4,3,2,29,64248,0.000451375918316523
"228","KUHLAN ASH SHARAF",3,3,2,3,1,2,2,3,1,20,44760,0.000446827524575514
"229","SAQAYN",2,3,2,2,3,3,4,3,1,23,52521,0.000437920070067211
"230","AL GARRAHI",6,3,3,5,5,6,3,4,4,39,89163,0.000437401164160022
"231","AD DIS",2,1,4,1,0,1,1,0,0,10,23092,0.000433050407067383
"232","AS SAWMA'AH",3,2,1,3,2,3,1,2,2,19,44873,0.000423417199652352
"233","BURA",1,2,2,2,2,1,3,4,2,19,45116,0.000421136625587375
"234","ATTAWAHI",3,4,2,3,2,3,1,1,3,22,52984,0.000415219688962706
"235","AL MARAWI'AH",7,2,7,9,6,6,6,5,5,53,129527,0.000409181097377381
"236","AL DHAHER",0,1,1,0,0,0,1,4,2,9,22394,0.000401893364294007
"237","AL MILAH",1,1,1,2,2,2,1,0,1,11,27636,0.000398031553046751
"238","AL QAFR",6,10,2,3,4,1,4,5,5,40,103272,0.000387326671314587
"239","AL MANSURIYAH",0,2,3,1,3,0,5,1,2,17,44744,0.000379939209726444
"240","AR RADMAH",1,5,3,1,3,4,5,1,6,29,76576,0.000378708733806937
"241","IYAL SURAYH",4,2,2,1,2,3,1,3,2,20,54015,0.000370267518281959
"242","AL HUSN",1,1,2,2,2,2,1,0,0,11,30124,0.000365157349621564
"243","KU'AYDINAH",4,2,2,4,4,3,3,1,2,25,69332,0.000360583857381873
"244","AS SABRAH",1,6,2,2,1,3,4,3,3,25,69872,0.000357797114724067
"245","HAYS",1,0,3,2,1,1,3,3,2,16,45436,0.000352143674619245
"246","TARIM",4,2,2,6,4,5,4,5,3,35,100617,0.000347853742409334
"247","MAHLIYAH",0,0,0,3,0,0,0,0,0,3,9156,0.000327653997378768
"248","AT TAFFAH",0,0,2,0,1,2,1,1,2,9,27692,0.000325003611151235
"249","HIDAYBU",0,1,2,2,1,2,1,1,1,11,34011,0.000323424774337714
"250","HURAIDHAH",1,0,0,1,2,1,0,0,1,6,18684,0.000321130378933847
"251","DAWRAN ANESS",6,3,4,3,4,6,5,2,5,38,121553,0.000312620832065025
"252","SHARA'B AR RAWNAH",7,12,5,4,3,5,5,6,10,57,186955,0.000304886202562114
"253","AL MALAGIM",1,0,1,2,2,1,1,1,0,9,29573,0.000304331653873466
"254","BAYT AL FAQIAH",11,7,6,7,8,10,8,9,6,72,241300,0.000298383754662246
"255","AL MUNIRAH",0,0,3,0,1,3,2,1,1,11,37183,0.000295834117741979
"256","BANI QA'IS",3,1,1,3,1,2,3,0,2,16,54272,0.000294811320754717
"257","RASAD",4,1,1,3,1,2,1,1,2,16,54825,0.000291837665298678
"258","SAH",1,1,2,0,0,1,1,1,0,7,24146,0.00028990308953864
"259","AR RAYDAH WA QUSAYAR",2,1,2,2,2,0,2,1,1,13,45180,0.000287737937140328
"260","AD DURAYHIMI",4,1,1,2,2,1,2,1,1,15,55013,0.000272662825150419
"261","AL QAFLAH",0,2,0,2,0,0,3,2,1,10,36722,0.000272316322640379
"262","FAR AL UDAYN",2,0,0,3,4,5,4,3,3,24,89011,0.000269629596342025
"263","AL KHAWKHAH",1,3,1,1,2,0,0,0,1,9,33764,0.000266556095249378
"264","HAYDAN",1,4,1,0,1,0,3,5,1,16,60331,0.000265203626659595
"265","WALD RABI'",0,1,0,1,1,0,0,1,1,5,19427,0.000257373758171617
"266","AZ ZUHRAH",6,4,3,3,3,5,3,5,3,35,138045,0.000253540512151835
"267","NAJRAH",0,3,1,1,1,1,0,1,1,9,35942,0.0002504034277447
"268","AL MATAMMAH",0,0,0,0,3,0,1,0,3,7,28935,0.000241921548297909
"269","WUSAB AS SAFIL",6,1,4,3,4,6,4,5,2,35,149531,0.000234065177120463
"270","MAYFA'AT ANSS",1,4,0,0,1,0,1,1,6,14,60854,0.000230058829329214
"271","AS SILW",7,2,5,3,3,4,5,4,2,35,152486,0.000229529268260693
"272","THAMUD",0,0,0,0,0,1,0,0,0,1,4402,0.000227169468423444
"273","AIN",1,1,0,1,0,1,1,0,0,5,22051,0.000226747086299941
"274","MAJZ",1,2,4,0,1,2,2,2,1,15,68598,0.000218665267208957
"275","HAZM AL UDAYN",2,2,2,2,3,2,1,1,2,17,79483,0.000213882213806726
"276","AL MAFLAHY",0,2,0,0,2,0,0,2,2,8,38524,0.000207662755684768
"277","RAZIH",1,2,2,1,4,0,1,1,1,13,62915,0.000206627990145434
"278","SARAR",0,1,0,0,0,0,0,1,1,3,15093,0.000198767640628106
"279","ALLUHEYAH",4,1,3,2,3,3,1,1,2,20,105682,0.000189246986241744
"280","SIBAH",0,0,2,0,1,0,0,0,0,3,15996,0.00018754688672168
"281","AS SUDAH",1,0,0,2,0,2,1,0,0,6,32169,0.000186514967826168
"282","WADI AL AYN",1,0,0,0,0,1,2,1,0,5,28474,0.000175598791880312
"283","AL MAGHRABAH",1,2,2,1,1,1,2,0,1,11,64440,0.000170701427684668
"284","AL JAMIMAH",0,0,1,0,0,0,4,1,1,7,41211,0.000169857562301327
"285","AT TUHAYAT",1,3,2,0,1,1,1,1,1,11,67660,0.000162577593851611
"286","DHI BIN",0,0,2,0,2,1,0,0,0,5,30799,0.000162342933212117
"287","AL MIGHLAF",1,0,1,1,1,1,1,0,0,6,39436,0.000152145247996754
"288","HATIB",0,0,0,0,0,1,0,1,0,2,13335,0.000149981252343457
"289","AFLAH ASH SHAWM",2,0,0,1,1,2,0,1,1,8,54054,0.000148000148000148
"290","SHIBAM",2,0,0,0,1,0,0,1,3,7,48829,0.000143357431034836
"291","MUDHAYKHIRAH",2,1,2,0,0,3,0,1,2,11,77835,0.000141324596903707
"292","BAKIL AL MIR",0,0,1,0,0,1,1,0,0,3,21701,0.000138242477305193
"293","JAYSHAN",0,0,0,0,2,0,0,0,0,2,14800,0.000135135135135135
"294","BAQIM",0,0,1,0,0,0,2,0,0,3,22965,0.000130633572828217
"295","WASHHAH",1,0,0,1,1,1,1,1,2,8,62617,0.000127760831723015
"296","MASHRA'A WA HADNAN",2,0,1,2,3,2,0,1,2,13,109533,0.000118685692896205
"297","AL MADARIBAH WA AL ARAH",1,1,1,0,0,1,1,0,0,5,45808,0.000109151239958086
"298","HARAD",0,5,0,0,1,3,0,0,1,10,93523,0.000106925569111342
"299","AL WAZI'IYAH",0,1,1,1,2,0,1,1,1,8,75288,0.000106258633513973
"300","GHAMR",0,0,0,1,1,0,0,0,0,2,19718,0.000101430165331169
"301","AS SUKHNAH",0,0,1,0,0,1,2,1,1,6,59652,0.000100583383625025
"302","MUKAYRAS",0,0,2,1,0,0,1,0,0,4,41515,9.63507166084548e-05
"303","SUWAYR",1,0,0,0,0,1,0,0,0,2,20854,9.59048623765225e-05
"304","MERKHAH AL ULYA",0,0,1,0,0,1,1,0,0,3,32278,9.29425614969949e-05
"305","WADHRAH",0,0,0,0,0,1,0,0,0,1,10928,9.15080527086384e-05
"306","JABAL RA'S",1,0,1,1,0,1,0,0,0,4,44674,8.95375386130635e-05
"307","AS SAWM",0,0,0,0,0,0,1,0,0,1,12666,7.89515237644087e-05
"308","MONABBIH",0,1,0,0,0,0,1,1,0,3,51823,5.78893541477722e-05
"309","DHUBAB",0,2,0,0,0,0,0,0,0,2,35054,5.70548296913334e-05
"310","ADH DHLIA'AH",0,1,0,0,0,0,0,0,0,1,18678,5.35389227968733e-05
"311","MUSTABA",0,0,0,1,0,0,0,1,0,2,42531,4.70245232888952e-05
"312","HAJR",0,0,0,0,0,0,1,0,0,1,25566,3.91144488774153e-05
"313","GHAYL BIN YAMIN",0,0,0,0,0,0,0,1,0,1,28120,3.55618776671408e-05
"314","QARAH",0,0,0,0,0,0,1,0,0,1,30641,3.26360105740674e-05
"315","YAHR",0,0,0,0,1,0,0,0,0,1,37148,2.6919349628513e-05
"316","HABUR ZULAYMAH",0,0,0,0,0,0,1,0,0,1,39334,2.54232979102049e-05
"317","AL ASHAH",0,0,1,0,0,0,0,0,0,1,43859,2.28003374449942e-05
"318","MAWZA",0,1,0,0,0,1,0,0,0,2,119818,1.66919828406416e-05
"319","",2,42,35,0,3,0,49,48,33,212,NA,NA
"320","AD DALI",0,3,0,0,0,0,0,0,0,3,NA,NA
"321","ASBAHI",0,1,0,0,0,0,0,0,0,1,NA,NA
"322","CITY",0,0,0,0,1,0,0,0,0,1,NA,NA
"323","HADRAMAUT",0,0,1,0,0,0,0,0,0,1,NA,NA
"324","HEZYAZ",0,1,0,0,0,0,0,0,0,1,NA,NA
"325","IBB MHAJEB",0,0,0,0,0,0,0,0,1,1,NA,NA
"326","JEHAF",0,0,0,0,0,0,0,0,1,1,NA,NA
"327","MAAEN",0,1,0,0,0,0,0,0,0,1,NA,NA
"328","SA'DAH",0,0,0,10,2,0,0,0,0,12,NA,NA
